project_id,contract_id,project_stage
PJ‑S‑NOR001,CT‑S‑NOR001,上线运维
PJ‑S‑NOR002,CT‑S‑NOR002,开发中
PJ‑S‑NOR003,CT‑S‑NOR003,开发中
PJ‑S‑NOR004,CT‑S‑NOR004,上线运维
PJ‑S‑NOR005,CT‑S‑NOR005,开发中
PJ‑S‑NOR006,CT‑S‑NOR006,开发中
PJ‑S‑NOR007,CT‑S‑NOR007,开发中
PJ‑S‑NOR008,CT‑S‑NOR008,上线运维
PJ‑S‑NOR009,CT‑S‑NOR009,开发中
PJ‑S‑NOR010,CT‑S‑NOR010,上线运维
PJ‑S‑NOR011,CT‑S‑NOR011,开发中
PJ‑S‑NOR012,CT‑S‑NOR012,上线运维
PJ‑S‑NOR013,CT‑S‑NOR013,上线运维
PJ‑S‑NOR014,CT‑S‑NOR014,开发中
PJ‑S‑NOR015,CT‑S‑NOR015,上线运维
PJ‑S‑NOR016,CT‑S‑NOR016,上线运维
PJ‑S‑NOR017,CT‑S‑NOR017,开发中
PJ‑S‑NOR018,CT‑S‑NOR018,上线运维
PJ‑S‑NOR019,CT‑S‑NOR019,开发中
PJ‑S‑NOR020,CT‑S‑NOR020,开发中
PJ‑S‑NOR021,CT‑S‑NOR021,开发中
PJ‑S‑NOR022,CT‑S‑NOR022,开发中
PJ‑S‑NOR023,CT‑S‑NOR023,开发中
PJ‑S‑NOR024,CT‑S‑NOR024,开发中
PJ‑S‑NOR025,CT‑S‑NOR025,上线运维
PJ‑S‑NOR026,CT‑S‑NOR026,开发中
PJ‑S‑NOR027,CT‑S‑NOR027,上线运维
PJ‑S‑NOR028,CT‑S‑NOR028,开发中
PJ‑S‑NOR029,CT‑S‑NOR029,上线运维
PJ‑S‑NOR030,CT‑S‑NOR030,上线运维
PJ‑S‑NOR031,CT‑S‑NOR031,上线运维
PJ‑S‑NOR032,CT‑S‑NOR032,开发中
PJ‑S‑NOR033,CT‑S‑NOR033,开发中
PJ‑S‑NOR034,CT‑S‑NOR034,上线运维
PJ‑S‑NOR035,CT‑S‑NOR035,开发中
PJ‑S‑NOR036,CT‑S‑NOR036,开发中
PJ‑S‑NOR037,CT‑S‑NOR037,上线运维
PJ‑S‑NOR038,CT‑S‑NOR038,上线运维
PJ‑S‑NOR039,CT‑S‑NOR039,上线运维
PJ‑S‑NOR040,CT‑S‑NOR040,上线运维
PJ‑S‑NOR041,CT‑S‑NOR041,上线运维
PJ‑S‑NOR042,CT‑S‑NOR042,开发中
PJ‑S‑NOR043,CT‑S‑NOR043,上线运维
PJ‑S‑NOR044,CT‑S‑NOR044,开发中
PJ‑S‑NOR045,CT‑S‑NOR045,上线运维
PJ‑S‑NOR046,CT‑S‑NOR046,上线运维
PJ‑S‑NOR047,CT‑S‑NOR047,上线运维
PJ‑S‑NOR048,CT‑S‑NOR048,开发中
PJ‑S‑NOR049,CT‑S‑NOR049,上线运维
PJ‑S‑NOR050,CT‑S‑NOR050,上线运维
PJ‑S‑NOR051,CT‑S‑NOR051,上线运维
PJ‑S‑NOR052,CT‑S‑NOR052,开发中
PJ‑S‑NOR053,CT‑S‑NOR053,开发中
PJ‑S‑NOR054,CT‑S‑NOR054,上线运维
PJ‑S‑NOR055,CT‑S‑NOR055,上线运维
PJ‑S‑NOR056,CT‑S‑NOR056,上线运维
PJ‑S‑NOR057,CT‑S‑NOR057,开发中
PJ‑S‑NOR058,CT‑S‑NOR058,上线运维
PJ‑S‑NOR059,CT‑S‑NOR059,上线运维
PJ‑S‑NOR060,CT‑S‑NOR060,上线运维
PJ‑S‑NOR061,CT‑S‑NOR061,开发中
PJ‑S‑NOR062,CT‑S‑NOR062,上线运维
PJ‑S‑NOR063,CT‑S‑NOR063,开发中
PJ‑S‑NOR064,CT‑S‑NOR064,开发中
PJ‑S‑NOR065,CT‑S‑NOR065,上线运维
PJ‑S‑NOR066,CT‑S‑NOR066,上线运维
PJ‑S‑NOR067,CT‑S‑NOR067,上线运维
PJ‑S‑NOR068,CT‑S‑NOR068,上线运维
PJ‑S‑NOR069,CT‑S‑NOR069,上线运维
PJ‑S‑NOR070,CT‑S‑NOR070,上线运维
PJ‑S‑NOR071,CT‑S‑NOR071,开发中
PJ‑S‑NOR072,CT‑S‑NOR072,上线运维
PJ‑S‑NOR073,CT‑S‑NOR073,上线运维
PJ‑S‑NOR074,CT‑S‑NOR074,上线运维
PJ‑S‑NOR075,CT‑S‑NOR075,上线运维
PJ‑S‑NOR076,CT‑S‑NOR076,上线运维
PJ‑S‑NOR077,CT‑S‑NOR077,开发中
PJ‑S‑NOR078,CT‑S‑NOR078,开发中
PJ‑S‑NOR079,CT‑S‑NOR079,上线运维
PJ‑S‑NOR080,CT‑S‑NOR080,上线运维
PJ‑S‑NOR081,CT‑S‑NOR081,上线运维
PJ‑S‑NOR082,CT‑S‑NOR082,上线运维
PJ‑S‑NOR083,CT‑S‑NOR083,开发中
PJ‑S‑NOR084,CT‑S‑NOR084,开发中
PJ‑S‑NOR085,CT‑S‑NOR085,开发中
PJ‑S‑NOR086,CT‑S‑NOR086,开发中
PJ‑S‑NOR087,CT‑S‑NOR087,开发中
PJ‑S‑NOR088,CT‑S‑NOR088,开发中
PJ‑S‑NOR089,CT‑S‑NOR089,开发中
PJ‑S‑NOR090,CT‑S‑NOR090,上线运维
PJ‑S‑NOR091,CT‑S‑NOR091,开发中
PJ‑S‑NOR092,CT‑S‑NOR092,开发中
PJ‑S‑NOR093,CT‑S‑NOR093,开发中
PJ‑S‑NOR094,CT‑S‑NOR094,上线运维
PJ‑S‑NOR095,CT‑S‑NOR095,上线运维
PJ‑S‑NOR096,CT‑S‑NOR096,开发中
PJ‑S‑NOR097,CT‑S‑NOR097,上线运维
PJ‑S‑NOR098,CT‑S‑NOR098,开发中
PJ‑S‑NOR099,CT‑S‑NOR099,开发中
PJ‑S‑NOR100,CT‑S‑NOR100,开发中
PJ‑S‑NOR101,CT‑S‑NOR101,上线运维
PJ‑S‑NOR102,CT‑S‑NOR102,开发中
PJ‑S‑NOR103,CT‑S‑NOR103,开发中
PJ‑S‑NOR104,CT‑S‑NOR104,上线运维
PJ‑S‑NOR105,CT‑S‑NOR105,上线运维
PJ‑S‑NOR106,CT‑S‑NOR106,上线运维
PJ‑S‑NOR107,CT‑S‑NOR107,开发中
PJ‑S‑NOR108,CT‑S‑NOR108,上线运维
PJ‑S‑NOR109,CT‑S‑NOR109,开发中
PJ‑S‑NOR110,CT‑S‑NOR110,开发中
PJ‑S‑ACC111,CT‑S‑ACC111,上线运维
PJ‑S‑ACC112,CT‑S‑ACC112,上线运维
PJ‑S‑ACC113,CT‑S‑ACC113,上线运维
PJ‑S‑ACC114,CT‑S‑ACC114,上线运维
PJ‑S‑ACC115,CT‑S‑ACC115,上线运维
PJ‑S‑ACC116,CT‑S‑ACC116,开发中
PJ‑S‑ACC117,CT‑S‑ACC117,上线运维
PJ‑S‑ACC118,CT‑S‑ACC118,开发中
PJ‑S‑ACC119,CT‑S‑ACC119,开发中
PJ‑S‑ACC120,CT‑S‑ACC120,上线运维
PJ‑S‑ACC121,CT‑S‑ACC121,上线运维
PJ‑S‑ACC122,CT‑S‑ACC122,上线运维
PJ‑S‑ACC123,CT‑S‑ACC123,开发中
PJ‑S‑ACC124,CT‑S‑ACC124,开发中
PJ‑S‑ACC125,CT‑S‑ACC125,开发中
PJ‑S‑ACC126,CT‑S‑ACC126,上线运维
PJ‑S‑ACC127,CT‑S‑ACC127,开发中
PJ‑S‑ACC128,CT‑S‑ACC128,上线运维
PJ‑S‑ACC129,CT‑S‑ACC129,上线运维
PJ‑S‑ACC130,CT‑S‑ACC130,上线运维
PJ‑S‑ACC131,CT‑S‑ACC131,上线运维
PJ‑S‑ACC132,CT‑S‑ACC132,开发中
PJ‑S‑ACC133,CT‑S‑ACC133,开发中
PJ‑S‑ACC134,CT‑S‑ACC134,开发中
PJ‑S‑ACC135,CT‑S‑ACC135,上线运维
PJ‑S‑ACC136,CT‑S‑ACC136,开发中
PJ‑S‑ACC137,CT‑S‑ACC137,上线运维
PJ‑S‑ACC138,CT‑S‑ACC138,上线运维
PJ‑S‑ACC139,CT‑S‑ACC139,上线运维
PJ‑S‑ACC140,CT‑S‑ACC140,开发中
PJ‑S‑ACC141,CT‑S‑ACC141,开发中
PJ‑S‑ACC142,CT‑S‑ACC142,开发中
PJ‑S‑ACC143,CT‑S‑ACC143,上线运维
PJ‑S‑ACC144,CT‑S‑ACC144,上线运维
PJ‑S‑ACC145,CT‑S‑ACC145,上线运维
PJ‑S‑ACC146,CT‑S‑ACC146,开发中
PJ‑S‑ACC147,CT‑S‑ACC147,上线运维
PJ‑S‑ACC148,CT‑S‑ACC148,开发中
PJ‑S‑ACC149,CT‑S‑ACC149,上线运维
PJ‑S‑ACC150,CT‑S‑ACC150,开发中
PJ‑S‑ACC151,CT‑S‑ACC151,开发中
PJ‑S‑ACC152,CT‑S‑ACC152,开发中
PJ‑S‑ACC153,CT‑S‑ACC153,开发中
PJ‑S‑ACC154,CT‑S‑ACC154,开发中
PJ‑S‑ACC155,CT‑S‑ACC155,开发中
PJ‑S‑ACC156,CT‑S‑ACC156,上线运维
PJ‑S‑ACC157,CT‑S‑ACC157,上线运维
PJ‑S‑ACC158,CT‑S‑ACC158,开发中
PJ‑S‑ACC159,CT‑S‑ACC159,开发中
PJ‑S‑ACC160,CT‑S‑ACC160,开发中
PJ‑S‑SUD161,CT‑S‑SUD161,开发中
PJ‑S‑SUD162,CT‑S‑SUD162,开发中
PJ‑S‑SUD163,CT‑S‑SUD163,开发中
PJ‑S‑SUD164,CT‑S‑SUD164,开发中
PJ‑S‑SUD165,CT‑S‑SUD165,上线运维
PJ‑S‑SUD166,CT‑S‑SUD166,上线运维
PJ‑S‑SUD167,CT‑S‑SUD167,上线运维
PJ‑S‑SUD168,CT‑S‑SUD168,上线运维
PJ‑S‑SUD169,CT‑S‑SUD169,上线运维
PJ‑S‑SUD170,CT‑S‑SUD170,上线运维
PJ‑S‑SUD171,CT‑S‑SUD171,上线运维
PJ‑S‑SUD172,CT‑S‑SUD172,上线运维
PJ‑S‑SUD173,CT‑S‑SUD173,开发中
PJ‑S‑SUD174,CT‑S‑SUD174,上线运维
PJ‑S‑SUD175,CT‑S‑SUD175,上线运维
PJ‑S‑SUD176,CT‑S‑SUD176,开发中
PJ‑S‑SUD177,CT‑S‑SUD177,开发中
PJ‑S‑SUD178,CT‑S‑SUD178,上线运维
PJ‑S‑SUD179,CT‑S‑SUD179,开发中
PJ‑S‑SUD180,CT‑S‑SUD180,开发中
PJ‑S‑REC181,CT‑S‑REC181,开发中
PJ‑S‑REC182,CT‑S‑REC182,开发中
PJ‑S‑REC183,CT‑S‑REC183,开发中
PJ‑S‑REC184,CT‑S‑REC184,开发中
PJ‑S‑REC185,CT‑S‑REC185,上线运维
PJ‑S‑REC186,CT‑S‑REC186,开发中
PJ‑S‑REC187,CT‑S‑REC187,开发中
PJ‑S‑REC188,CT‑S‑REC188,开发中
PJ‑S‑REC189,CT‑S‑REC189,开发中
PJ‑S‑REC190,CT‑S‑REC190,开发中
PJ‑S‑REC191,CT‑S‑REC191,开发中
PJ‑S‑REC192,CT‑S‑REC192,上线运维
PJ‑S‑REC193,CT‑S‑REC193,开发中
PJ‑S‑REC194,CT‑S‑REC194,开发中
PJ‑S‑REC195,CT‑S‑REC195,开发中
PJ‑S‑REC196,CT‑S‑REC196,开发中
PJ‑S‑REC197,CT‑S‑REC197,上线运维
PJ‑S‑REC198,CT‑S‑REC198,上线运维
PJ‑S‑REC199,CT‑S‑REC199,开发中
PJ‑S‑REC200,CT‑S‑REC200,开发中
