evidence_id,supplier_id,event_category,event_subtype,event_severity,event_week,source_type
E‑S‑NOR001‑1,S‑NOR001,人员,核心人员离职,1,49,人力台账
E‑S‑NOR001‑2,S‑NOR001,舆情,网络负面舆情,2,39,内部巡检
E‑S‑NOR002‑1,S‑NOR002,合规,监管问询,2,47,ITSM记录
E‑S‑NOR003‑1,S‑NOR003,舆情,行业投诉曝光,2,23,ITSM记录
E‑S‑NOR003‑2,S‑NOR003,人员,团队人员流失,1,8,监管公示
E‑S‑NOR004‑1,S‑NOR004,履约,批次交付延迟,1,36,监管公示
E‑S‑NOR004‑2,S‑NOR004,履约,运维故障,2,42,安全公告
E‑S‑NOR004‑3,S‑NOR004,人员,关键岗位变动,1,6,人力台账
E‑S‑NOR005‑1,S‑NOR005,履约,批次交付延迟,2,19,人力台账
E‑S‑NOR005‑2,S‑NOR005,安全,权限违规,2,25,ITSM记录
E‑S‑NOR006‑1,S‑NOR006,合规,合规巡检不通过,1,17,监管公示
E‑S‑NOR006‑2,S‑NOR006,经营,经营亏损,1,42,人力台账
E‑S‑NOR007‑1,S‑NOR007,履约,运维故障,2,27,内部巡检
E‑S‑NOR007‑2,S‑NOR007,人员,关键岗位变动,2,47,ITSM记录
E‑S‑NOR008‑1,S‑NOR008,安全,权限违规,2,17,人力台账
E‑S‑NOR008‑2,S‑NOR008,合规,行政处罚,2,39,工商公示
E‑S‑NOR009‑1,S‑NOR009,履约,项目延期,1,9,人力台账
E‑S‑NOR009‑2,S‑NOR009,人员,关键岗位变动,1,29,监管公示
E‑S‑NOR009‑3,S‑NOR009,经营,业务收缩,2,35,安全公告
E‑S‑NOR009‑4,S‑NOR009,履约,项目延期,2,45,人力台账
E‑S‑NOR010‑1,S‑NOR010,经营,股权变更,2,48,安全公告
E‑S‑NOR010‑2,S‑NOR010,人员,关键岗位变动,2,8,人力台账
E‑S‑NOR011‑1,S‑NOR011,人员,关键岗位变动,1,35,安全公告
E‑S‑NOR011‑2,S‑NOR011,安全,内网安全告警,1,3,工商公示
E‑S‑NOR011‑3,S‑NOR011,安全,权限违规,1,5,安全公告
E‑S‑NOR012‑1,S‑NOR012,合规,监管问询,2,10,安全公告
E‑S‑NOR013‑1,S‑NOR013,合规,合规巡检不通过,1,46,人力台账
E‑S‑NOR013‑2,S‑NOR013,安全,内网安全告警,2,44,监管公示
E‑S‑NOR014‑1,S‑NOR014,履约,运维故障,1,3,安全公告
E‑S‑NOR014‑2,S‑NOR014,人员,核心人员离职,1,6,ITSM记录
E‑S‑NOR015‑1,S‑NOR015,合规,监管问询,2,19,ITSM记录
E‑S‑NOR016‑1,S‑NOR016,经营,业务收缩,1,14,内部巡检
E‑S‑NOR016‑2,S‑NOR016,舆情,行业投诉曝光,2,24,监管公示
E‑S‑NOR017‑1,S‑NOR017,履约,批次交付延迟,2,48,内部巡检
E‑S‑NOR018‑1,S‑NOR018,经营,股东变动,2,19,ITSM记录
E‑S‑NOR018‑2,S‑NOR018,履约,批次交付延迟,1,37,内部巡检
E‑S‑NOR019‑1,S‑NOR019,人员,核心人员离职,2,28,监管公示
E‑S‑NOR020‑1,S‑NOR020,经营,股权变更,2,26,监管公示
E‑S‑NOR020‑2,S‑NOR020,安全,内网安全告警,2,46,ITSM记录
E‑S‑NOR021‑1,S‑NOR021,舆情,行业投诉曝光,1,5,安全公告
E‑S‑NOR022‑1,S‑NOR022,合规,监管问询,1,13,安全公告
E‑S‑NOR023‑1,S‑NOR023,履约,交付质量不达标,1,39,安全公告
E‑S‑NOR023‑2,S‑NOR023,履约,批次交付延迟,2,44,工商公示
E‑S‑NOR023‑3,S‑NOR023,人员,关键岗位变动,2,47,ITSM记录
E‑S‑NOR023‑4,S‑NOR023,安全,内网安全告警,2,10,监管公示
E‑S‑NOR024‑1,S‑NOR024,经营,股权变更,1,6,安全公告
E‑S‑NOR025‑1,S‑NOR025,人员,团队人员流失,1,20,监管公示
E‑S‑NOR026‑1,S‑NOR026,舆情,网络负面舆情,2,10,内部巡检
E‑S‑NOR026‑2,S‑NOR026,履约,交付质量不达标,2,19,安全公告
E‑S‑NOR026‑3,S‑NOR026,人员,关键岗位变动,1,23,人力台账
E‑S‑NOR027‑1,S‑NOR027,履约,项目延期,2,42,工商公示
E‑S‑NOR027‑2,S‑NOR027,履约,项目延期,1,23,人力台账
E‑S‑NOR027‑3,S‑NOR027,安全,权限违规,2,49,安全公告
E‑S‑NOR028‑1,S‑NOR028,履约,交付质量不达标,1,36,工商公示
E‑S‑NOR029‑1,S‑NOR029,履约,运维故障,1,25,工商公示
E‑S‑NOR029‑2,S‑NOR029,人员,关键岗位变动,1,17,工商公示
E‑S‑NOR030‑1,S‑NOR030,人员,核心人员离职,2,13,内部巡检
E‑S‑NOR030‑2,S‑NOR030,人员,关键岗位变动,2,23,人力台账
E‑S‑NOR031‑1,S‑NOR031,舆情,网络负面舆情,1,26,监管公示
E‑S‑NOR031‑2,S‑NOR031,人员,核心人员离职,2,31,工商公示
E‑S‑NOR032‑1,S‑NOR032,安全,数据泄露,2,6,工商公示
E‑S‑NOR032‑2,S‑NOR032,舆情,行业投诉曝光,2,45,内部巡检
E‑S‑NOR032‑3,S‑NOR032,履约,运维故障,2,13,内部巡检
E‑S‑NOR032‑4,S‑NOR032,履约,批次交付延迟,2,24,监管公示
E‑S‑NOR033‑1,S‑NOR033,合规,监管问询,1,18,人力台账
E‑S‑NOR033‑2,S‑NOR033,经营,股权变更,1,35,工商公示
E‑S‑NOR033‑3,S‑NOR033,经营,股权变更,2,44,安全公告
E‑S‑NOR033‑4,S‑NOR033,安全,漏洞上报,2,48,安全公告
E‑S‑NOR034‑1,S‑NOR034,舆情,行业投诉曝光,1,37,ITSM记录
E‑S‑NOR034‑2,S‑NOR034,经营,业务收缩,1,45,安全公告
E‑S‑NOR034‑3,S‑NOR034,合规,行政处罚,1,27,工商公示
E‑S‑NOR034‑4,S‑NOR034,安全,权限违规,2,29,监管公示
E‑S‑NOR035‑1,S‑NOR035,舆情,网络负面舆情,1,44,工商公示
E‑S‑NOR035‑2,S‑NOR035,合规,合规巡检不通过,2,42,内部巡检
E‑S‑NOR035‑3,S‑NOR035,人员,关键岗位变动,1,21,ITSM记录
E‑S‑NOR035‑4,S‑NOR035,人员,核心人员离职,1,4,监管公示
E‑S‑NOR036‑1,S‑NOR036,经营,股东变动,2,47,监管公示
E‑S‑NOR036‑2,S‑NOR036,经营,股东变动,1,11,内部巡检
E‑S‑NOR036‑3,S‑NOR036,经营,股东变动,2,13,内部巡检
E‑S‑NOR036‑4,S‑NOR036,合规,监管问询,2,9,ITSM记录
E‑S‑NOR037‑1,S‑NOR037,合规,合规巡检不通过,2,34,安全公告
E‑S‑NOR037‑2,S‑NOR037,经营,股东变动,2,49,监管公示
E‑S‑NOR037‑3,S‑NOR037,安全,权限违规,2,42,安全公告
E‑S‑NOR037‑4,S‑NOR037,经营,股东变动,2,19,内部巡检
E‑S‑NOR038‑1,S‑NOR038,安全,漏洞上报,1,10,ITSM记录
E‑S‑NOR038‑2,S‑NOR038,经营,股东变动,1,47,内部巡检
E‑S‑NOR038‑3,S‑NOR038,经营,业务收缩,2,23,监管公示
E‑S‑NOR039‑1,S‑NOR039,合规,合规巡检不通过,2,3,监管公示
E‑S‑NOR039‑2,S‑NOR039,履约,运维故障,2,21,监管公示
E‑S‑NOR039‑3,S‑NOR039,合规,合规巡检不通过,1,49,监管公示
E‑S‑NOR039‑4,S‑NOR039,人员,团队人员流失,2,29,内部巡检
E‑S‑NOR040‑1,S‑NOR040,经营,股东变动,1,41,监管公示
E‑S‑NOR040‑2,S‑NOR040,合规,合规巡检不通过,1,44,内部巡检
E‑S‑NOR041‑1,S‑NOR041,履约,运维故障,2,26,ITSM记录
E‑S‑NOR041‑2,S‑NOR041,经营,经营亏损,2,23,工商公示
E‑S‑NOR042‑1,S‑NOR042,履约,项目延期,1,24,人力台账
E‑S‑NOR042‑2,S‑NOR042,履约,项目延期,1,50,ITSM记录
E‑S‑NOR042‑3,S‑NOR042,人员,核心人员离职,1,41,ITSM记录
E‑S‑NOR042‑4,S‑NOR042,人员,团队人员流失,1,44,安全公告
E‑S‑NOR043‑1,S‑NOR043,人员,关键岗位变动,1,40,ITSM记录
E‑S‑NOR043‑2,S‑NOR043,安全,漏洞上报,1,39,工商公示
E‑S‑NOR043‑3,S‑NOR043,合规,合规巡检不通过,2,26,人力台账
E‑S‑NOR044‑1,S‑NOR044,舆情,行业投诉曝光,1,45,安全公告
E‑S‑NOR045‑1,S‑NOR045,履约,运维故障,2,2,监管公示
E‑S‑NOR045‑2,S‑NOR045,履约,批次交付延迟,2,25,人力台账
E‑S‑NOR045‑3,S‑NOR045,人员,团队人员流失,2,13,安全公告
E‑S‑NOR046‑1,S‑NOR046,舆情,行业投诉曝光,1,22,内部巡检
E‑S‑NOR046‑2,S‑NOR046,安全,内网安全告警,2,17,安全公告
E‑S‑NOR046‑3,S‑NOR046,合规,合规巡检不通过,2,26,内部巡检
E‑S‑NOR046‑4,S‑NOR046,经营,经营亏损,2,13,ITSM记录
E‑S‑NOR047‑1,S‑NOR047,合规,合规巡检不通过,1,19,安全公告
E‑S‑NOR047‑2,S‑NOR047,人员,核心人员离职,2,17,监管公示
E‑S‑NOR047‑3,S‑NOR047,合规,监管问询,2,46,人力台账
E‑S‑NOR048‑1,S‑NOR048,安全,权限违规,1,27,工商公示
E‑S‑NOR049‑1,S‑NOR049,经营,经营亏损,2,24,工商公示
E‑S‑NOR049‑2,S‑NOR049,安全,数据泄露,1,16,人力台账
E‑S‑NOR049‑3,S‑NOR049,人员,团队人员流失,1,9,ITSM记录
E‑S‑NOR050‑1,S‑NOR050,履约,交付质量不达标,1,20,工商公示
E‑S‑NOR050‑2,S‑NOR050,人员,团队人员流失,1,2,工商公示
E‑S‑NOR050‑3,S‑NOR050,履约,项目延期,2,37,人力台账
E‑S‑NOR051‑1,S‑NOR051,履约,运维故障,2,32,监管公示
E‑S‑NOR052‑1,S‑NOR052,经营,股权变更,2,6,监管公示
E‑S‑NOR052‑2,S‑NOR052,履约,项目延期,1,11,安全公告
E‑S‑NOR052‑3,S‑NOR052,安全,漏洞上报,1,17,安全公告
E‑S‑NOR053‑1,S‑NOR053,经营,业务收缩,2,21,工商公示
E‑S‑NOR053‑2,S‑NOR053,合规,合规巡检不通过,1,5,ITSM记录
E‑S‑NOR053‑3,S‑NOR053,舆情,网络负面舆情,1,18,ITSM记录
E‑S‑NOR053‑4,S‑NOR053,人员,核心人员离职,1,37,ITSM记录
E‑S‑NOR054‑1,S‑NOR054,履约,交付质量不达标,2,20,人力台账
E‑S‑NOR054‑2,S‑NOR054,经营,股权变更,1,45,工商公示
E‑S‑NOR054‑3,S‑NOR054,舆情,网络负面舆情,1,29,安全公告
E‑S‑NOR055‑1,S‑NOR055,履约,项目延期,2,12,安全公告
E‑S‑NOR055‑2,S‑NOR055,舆情,行业投诉曝光,1,30,监管公示
E‑S‑NOR056‑1,S‑NOR056,合规,合规巡检不通过,2,33,内部巡检
E‑S‑NOR056‑2,S‑NOR056,合规,监管问询,2,29,安全公告
E‑S‑NOR056‑3,S‑NOR056,安全,漏洞上报,1,7,人力台账
E‑S‑NOR057‑1,S‑NOR057,合规,监管问询,1,50,监管公示
E‑S‑NOR057‑2,S‑NOR057,合规,合规巡检不通过,2,30,ITSM记录
E‑S‑NOR057‑3,S‑NOR057,合规,行政处罚,2,42,内部巡检
E‑S‑NOR058‑1,S‑NOR058,舆情,网络负面舆情,2,12,监管公示
E‑S‑NOR058‑2,S‑NOR058,舆情,行业投诉曝光,2,20,安全公告
E‑S‑NOR058‑3,S‑NOR058,履约,批次交付延迟,2,7,工商公示
E‑S‑NOR059‑1,S‑NOR059,舆情,行业投诉曝光,1,28,ITSM记录
E‑S‑NOR060‑1,S‑NOR060,履约,交付质量不达标,1,19,工商公示
E‑S‑NOR060‑2,S‑NOR060,经营,业务收缩,1,9,人力台账
E‑S‑NOR060‑3,S‑NOR060,合规,监管问询,1,47,工商公示
E‑S‑NOR060‑4,S‑NOR060,合规,监管问询,2,37,内部巡检
E‑S‑NOR061‑1,S‑NOR061,履约,交付质量不达标,2,33,安全公告
E‑S‑NOR061‑2,S‑NOR061,舆情,行业投诉曝光,2,28,监管公示
E‑S‑NOR061‑3,S‑NOR061,人员,团队人员流失,1,37,监管公示
E‑S‑NOR061‑4,S‑NOR061,人员,关键岗位变动,1,34,内部巡检
E‑S‑NOR062‑1,S‑NOR062,合规,行政处罚,2,2,人力台账
E‑S‑NOR062‑2,S‑NOR062,安全,内网安全告警,2,11,安全公告
E‑S‑NOR062‑3,S‑NOR062,经营,经营亏损,2,23,监管公示
E‑S‑NOR063‑1,S‑NOR063,人员,团队人员流失,2,4,人力台账
E‑S‑NOR063‑2,S‑NOR063,经营,业务收缩,1,26,监管公示
E‑S‑NOR063‑3,S‑NOR063,履约,交付质量不达标,2,34,内部巡检
E‑S‑NOR063‑4,S‑NOR063,经营,股权变更,2,35,内部巡检
E‑S‑NOR064‑1,S‑NOR064,经营,经营亏损,2,23,人力台账
E‑S‑NOR065‑1,S‑NOR065,舆情,行业投诉曝光,1,36,安全公告
E‑S‑NOR065‑2,S‑NOR065,履约,交付质量不达标,2,42,ITSM记录
E‑S‑NOR065‑3,S‑NOR065,舆情,网络负面舆情,1,29,人力台账
E‑S‑NOR066‑1,S‑NOR066,舆情,行业投诉曝光,1,3,工商公示
E‑S‑NOR066‑2,S‑NOR066,履约,运维故障,2,24,监管公示
E‑S‑NOR067‑1,S‑NOR067,人员,核心人员离职,2,7,安全公告
E‑S‑NOR067‑2,S‑NOR067,舆情,网络负面舆情,1,33,ITSM记录
E‑S‑NOR068‑1,S‑NOR068,舆情,网络负面舆情,2,31,人力台账
E‑S‑NOR068‑2,S‑NOR068,合规,监管问询,2,6,工商公示
E‑S‑NOR068‑3,S‑NOR068,合规,行政处罚,2,42,人力台账
E‑S‑NOR069‑1,S‑NOR069,经营,业务收缩,1,8,监管公示
E‑S‑NOR069‑2,S‑NOR069,合规,行政处罚,2,38,人力台账
E‑S‑NOR070‑1,S‑NOR070,履约,项目延期,2,40,工商公示
E‑S‑NOR070‑2,S‑NOR070,人员,关键岗位变动,1,24,人力台账
E‑S‑NOR070‑3,S‑NOR070,人员,关键岗位变动,1,18,人力台账
E‑S‑NOR071‑1,S‑NOR071,经营,股权变更,2,39,人力台账
E‑S‑NOR071‑2,S‑NOR071,人员,核心人员离职,2,20,人力台账
E‑S‑NOR071‑3,S‑NOR071,经营,股东变动,1,14,安全公告
E‑S‑NOR072‑1,S‑NOR072,安全,内网安全告警,2,20,内部巡检
E‑S‑NOR072‑2,S‑NOR072,经营,股权变更,1,11,人力台账
E‑S‑NOR073‑1,S‑NOR073,履约,批次交付延迟,2,2,安全公告
E‑S‑NOR073‑2,S‑NOR073,履约,批次交付延迟,2,25,安全公告
E‑S‑NOR073‑3,S‑NOR073,经营,经营亏损,1,8,监管公示
E‑S‑NOR074‑1,S‑NOR074,舆情,网络负面舆情,2,42,人力台账
E‑S‑NOR074‑2,S‑NOR074,安全,内网安全告警,1,9,内部巡检
E‑S‑NOR075‑1,S‑NOR075,履约,交付质量不达标,1,36,监管公示
E‑S‑NOR076‑1,S‑NOR076,经营,股权变更,2,33,工商公示
E‑S‑NOR076‑2,S‑NOR076,履约,运维故障,2,15,监管公示
E‑S‑NOR077‑1,S‑NOR077,合规,合规巡检不通过,1,24,监管公示
E‑S‑NOR077‑2,S‑NOR077,安全,权限违规,2,9,内部巡检
E‑S‑NOR077‑3,S‑NOR077,舆情,网络负面舆情,1,43,内部巡检
E‑S‑NOR078‑1,S‑NOR078,履约,交付质量不达标,1,39,ITSM记录
E‑S‑NOR078‑2,S‑NOR078,安全,权限违规,1,40,工商公示
E‑S‑NOR079‑1,S‑NOR079,履约,项目延期,1,10,工商公示
E‑S‑NOR079‑2,S‑NOR079,人员,关键岗位变动,1,22,ITSM记录
E‑S‑NOR080‑1,S‑NOR080,舆情,网络负面舆情,2,32,工商公示
E‑S‑NOR081‑1,S‑NOR081,合规,监管问询,2,48,监管公示
E‑S‑NOR081‑2,S‑NOR081,舆情,网络负面舆情,2,5,监管公示
E‑S‑NOR082‑1,S‑NOR082,履约,项目延期,1,22,内部巡检
E‑S‑NOR082‑2,S‑NOR082,人员,团队人员流失,2,41,监管公示
E‑S‑NOR082‑3,S‑NOR082,合规,合规巡检不通过,2,20,安全公告
E‑S‑NOR082‑4,S‑NOR082,合规,行政处罚,1,8,人力台账
E‑S‑NOR083‑1,S‑NOR083,经营,股东变动,2,28,监管公示
E‑S‑NOR083‑2,S‑NOR083,经营,业务收缩,1,48,工商公示
E‑S‑NOR083‑3,S‑NOR083,经营,经营亏损,2,44,工商公示
E‑S‑NOR083‑4,S‑NOR083,人员,关键岗位变动,1,32,内部巡检
E‑S‑NOR084‑1,S‑NOR084,人员,关键岗位变动,2,5,人力台账
E‑S‑NOR084‑2,S‑NOR084,履约,批次交付延迟,2,24,人力台账
E‑S‑NOR084‑3,S‑NOR084,履约,运维故障,2,40,工商公示
E‑S‑NOR085‑1,S‑NOR085,舆情,行业投诉曝光,1,16,工商公示
E‑S‑NOR085‑2,S‑NOR085,合规,行政处罚,2,9,安全公告
E‑S‑NOR086‑1,S‑NOR086,履约,交付质量不达标,2,19,工商公示
E‑S‑NOR086‑2,S‑NOR086,安全,漏洞上报,1,13,安全公告
E‑S‑NOR086‑3,S‑NOR086,舆情,行业投诉曝光,1,6,人力台账
E‑S‑NOR087‑1,S‑NOR087,经营,业务收缩,2,31,ITSM记录
E‑S‑NOR087‑2,S‑NOR087,安全,数据泄露,2,48,安全公告
E‑S‑NOR088‑1,S‑NOR088,人员,关键岗位变动,1,5,工商公示
E‑S‑NOR088‑2,S‑NOR088,经营,业务收缩,2,33,监管公示
E‑S‑NOR089‑1,S‑NOR089,经营,股权变更,2,20,安全公告
E‑S‑NOR089‑2,S‑NOR089,舆情,行业投诉曝光,1,4,监管公示
E‑S‑NOR089‑3,S‑NOR089,合规,监管问询,1,2,工商公示
E‑S‑NOR090‑1,S‑NOR090,安全,漏洞上报,2,2,人力台账
E‑S‑NOR090‑2,S‑NOR090,经营,股东变动,2,10,安全公告
E‑S‑NOR090‑3,S‑NOR090,舆情,网络负面舆情,2,34,内部巡检
E‑S‑NOR091‑1,S‑NOR091,履约,批次交付延迟,2,6,安全公告
E‑S‑NOR091‑2,S‑NOR091,经营,业务收缩,2,47,工商公示
E‑S‑NOR091‑3,S‑NOR091,履约,批次交付延迟,2,3,ITSM记录
E‑S‑NOR091‑4,S‑NOR091,合规,行政处罚,2,46,内部巡检
E‑S‑NOR092‑1,S‑NOR092,合规,行政处罚,1,35,监管公示
E‑S‑NOR092‑2,S‑NOR092,安全,数据泄露,2,16,ITSM记录
E‑S‑NOR092‑3,S‑NOR092,履约,项目延期,1,35,工商公示
E‑S‑NOR092‑4,S‑NOR092,安全,权限违规,1,17,ITSM记录
E‑S‑NOR093‑1,S‑NOR093,人员,关键岗位变动,2,33,安全公告
E‑S‑NOR094‑1,S‑NOR094,人员,团队人员流失,2,6,监管公示
E‑S‑NOR094‑2,S‑NOR094,舆情,行业投诉曝光,1,19,工商公示
E‑S‑NOR094‑3,S‑NOR094,合规,监管问询,2,21,监管公示
E‑S‑NOR095‑1,S‑NOR095,舆情,网络负面舆情,2,41,监管公示
E‑S‑NOR096‑1,S‑NOR096,合规,合规巡检不通过,2,14,安全公告
E‑S‑NOR096‑2,S‑NOR096,经营,股东变动,2,5,内部巡检
E‑S‑NOR096‑3,S‑NOR096,安全,漏洞上报,1,34,内部巡检
E‑S‑NOR096‑4,S‑NOR096,人员,关键岗位变动,2,30,安全公告
E‑S‑NOR097‑1,S‑NOR097,安全,内网安全告警,2,28,人力台账
E‑S‑NOR097‑2,S‑NOR097,合规,监管问询,2,42,内部巡检
E‑S‑NOR097‑3,S‑NOR097,安全,漏洞上报,2,37,工商公示
E‑S‑NOR098‑1,S‑NOR098,履约,交付质量不达标,2,24,人力台账
E‑S‑NOR098‑2,S‑NOR098,舆情,行业投诉曝光,1,10,工商公示
E‑S‑NOR098‑3,S‑NOR098,合规,行政处罚,2,43,ITSM记录
E‑S‑NOR099‑1,S‑NOR099,合规,行政处罚,2,3,工商公示
E‑S‑NOR099‑2,S‑NOR099,人员,核心人员离职,2,23,ITSM记录
E‑S‑NOR099‑3,S‑NOR099,人员,核心人员离职,1,11,工商公示
E‑S‑NOR099‑4,S‑NOR099,履约,项目延期,2,44,安全公告
E‑S‑NOR100‑1,S‑NOR100,人员,关键岗位变动,1,41,人力台账
E‑S‑NOR100‑2,S‑NOR100,经营,股权变更,2,28,人力台账
E‑S‑NOR101‑1,S‑NOR101,舆情,行业投诉曝光,1,16,工商公示
E‑S‑NOR101‑2,S‑NOR101,经营,股东变动,2,25,监管公示
E‑S‑NOR101‑3,S‑NOR101,安全,内网安全告警,2,34,ITSM记录
E‑S‑NOR102‑1,S‑NOR102,履约,批次交付延迟,1,25,人力台账
E‑S‑NOR102‑2,S‑NOR102,合规,监管问询,1,20,ITSM记录
E‑S‑NOR102‑3,S‑NOR102,安全,内网安全告警,1,34,监管公示
E‑S‑NOR103‑1,S‑NOR103,安全,漏洞上报,1,28,监管公示
E‑S‑NOR103‑2,S‑NOR103,合规,行政处罚,2,17,内部巡检
E‑S‑NOR103‑3,S‑NOR103,安全,权限违规,2,3,内部巡检
E‑S‑NOR103‑4,S‑NOR103,舆情,行业投诉曝光,1,11,内部巡检
E‑S‑NOR104‑1,S‑NOR104,舆情,行业投诉曝光,1,30,内部巡检
E‑S‑NOR104‑2,S‑NOR104,履约,运维故障,1,15,安全公告
E‑S‑NOR105‑1,S‑NOR105,安全,权限违规,1,21,内部巡检
E‑S‑NOR106‑1,S‑NOR106,履约,批次交付延迟,1,40,人力台账
E‑S‑NOR107‑1,S‑NOR107,经营,股权变更,2,41,ITSM记录
E‑S‑NOR107‑2,S‑NOR107,合规,行政处罚,1,13,安全公告
E‑S‑NOR107‑3,S‑NOR107,安全,漏洞上报,1,35,监管公示
E‑S‑NOR108‑1,S‑NOR108,安全,漏洞上报,1,24,工商公示
E‑S‑NOR108‑2,S‑NOR108,人员,关键岗位变动,1,44,安全公告
E‑S‑NOR108‑3,S‑NOR108,舆情,行业投诉曝光,1,10,工商公示
E‑S‑NOR109‑1,S‑NOR109,舆情,行业投诉曝光,1,42,ITSM记录
E‑S‑NOR109‑2,S‑NOR109,履约,批次交付延迟,2,4,ITSM记录
E‑S‑NOR109‑3,S‑NOR109,履约,交付质量不达标,2,4,工商公示
E‑S‑NOR109‑4,S‑NOR109,合规,行政处罚,2,36,工商公示
E‑S‑NOR110‑1,S‑NOR110,安全,漏洞上报,2,43,工商公示
E‑S‑NOR110‑2,S‑NOR110,履约,运维故障,2,29,人力台账
E‑S‑NOR110‑3,S‑NOR110,经营,业务收缩,1,23,监管公示
E‑S‑ACC111‑1,S‑ACC111,履约,批次交付延迟,1,20,监管公示
E‑S‑ACC111‑2,S‑ACC111,合规,监管问询,2,24,工商公示
E‑S‑ACC111‑3,S‑ACC111,履约,项目延期,2,28,人力台账
E‑S‑ACC111‑99,S‑ACC111,安全,数据泄露,4,35,安全公告
E‑S‑ACC112‑1,S‑ACC112,经营,股权变更,2,13,安全公告
E‑S‑ACC112‑2,S‑ACC112,经营,经营亏损,1,17,内部巡检
E‑S‑ACC112‑3,S‑ACC112,舆情,行业投诉曝光,2,21,安全公告
E‑S‑ACC112‑99,S‑ACC112,舆情,网络负面舆情,3,28,ITSM记录
E‑S‑ACC113‑1,S‑ACC113,人员,核心人员离职,1,8,人力台账
E‑S‑ACC113‑2,S‑ACC113,安全,数据泄露,2,12,安全公告
E‑S‑ACC113‑3,S‑ACC113,履约,交付质量不达标,2,16,工商公示
E‑S‑ACC113‑99,S‑ACC113,安全,内网安全告警,3,23,安全公告
E‑S‑ACC114‑1,S‑ACC114,舆情,行业投诉曝光,1,13,内部巡检
E‑S‑ACC114‑2,S‑ACC114,履约,交付质量不达标,2,17,安全公告
E‑S‑ACC114‑3,S‑ACC114,经营,股权变更,2,21,工商公示
E‑S‑ACC114‑99,S‑ACC114,舆情,行业投诉曝光,3,28,安全公告
E‑S‑ACC115‑1,S‑ACC115,履约,交付质量不达标,1,11,监管公示
E‑S‑ACC115‑2,S‑ACC115,人员,关键岗位变动,2,15,内部巡检
E‑S‑ACC115‑3,S‑ACC115,舆情,行业投诉曝光,2,19,人力台账
E‑S‑ACC115‑99,S‑ACC115,履约,运维故障,4,26,ITSM记录
E‑S‑ACC116‑1,S‑ACC116,安全,权限违规,1,20,ITSM记录
E‑S‑ACC116‑2,S‑ACC116,人员,核心人员离职,2,24,内部巡检
E‑S‑ACC116‑3,S‑ACC116,安全,数据泄露,2,28,安全公告
E‑S‑ACC116‑99,S‑ACC116,人员,关键岗位变动,3,35,内部巡检
E‑S‑ACC117‑1,S‑ACC117,经营,业务收缩,1,16,ITSM记录
E‑S‑ACC117‑2,S‑ACC117,安全,漏洞上报,2,20,监管公示
E‑S‑ACC117‑3,S‑ACC117,舆情,行业投诉曝光,1,24,安全公告
E‑S‑ACC117‑99,S‑ACC117,舆情,网络负面舆情,3,31,监管公示
E‑S‑ACC118‑1,S‑ACC118,履约,交付质量不达标,2,21,ITSM记录
E‑S‑ACC118‑2,S‑ACC118,人员,团队人员流失,1,25,工商公示
E‑S‑ACC118‑3,S‑ACC118,合规,行政处罚,1,29,工商公示
E‑S‑ACC118‑99,S‑ACC118,人员,关键岗位变动,4,36,ITSM记录
E‑S‑ACC119‑1,S‑ACC119,舆情,网络负面舆情,1,16,ITSM记录
E‑S‑ACC119‑2,S‑ACC119,舆情,行业投诉曝光,1,20,内部巡检
E‑S‑ACC119‑3,S‑ACC119,履约,项目延期,2,24,人力台账
E‑S‑ACC119‑99,S‑ACC119,人员,关键岗位变动,4,31,安全公告
E‑S‑ACC120‑1,S‑ACC120,安全,内网安全告警,1,18,人力台账
E‑S‑ACC120‑2,S‑ACC120,经营,经营亏损,2,22,内部巡检
E‑S‑ACC120‑3,S‑ACC120,舆情,网络负面舆情,1,26,监管公示
E‑S‑ACC120‑99,S‑ACC120,经营,业务收缩,4,33,ITSM记录
E‑S‑ACC121‑1,S‑ACC121,舆情,行业投诉曝光,2,21,监管公示
E‑S‑ACC121‑2,S‑ACC121,人员,团队人员流失,1,25,工商公示
E‑S‑ACC121‑3,S‑ACC121,人员,团队人员流失,1,29,工商公示
E‑S‑ACC121‑99,S‑ACC121,经营,股东变动,3,36,内部巡检
E‑S‑ACC122‑1,S‑ACC122,合规,行政处罚,1,21,ITSM记录
E‑S‑ACC122‑2,S‑ACC122,安全,数据泄露,1,25,ITSM记录
E‑S‑ACC122‑3,S‑ACC122,经营,业务收缩,2,29,工商公示
E‑S‑ACC122‑99,S‑ACC122,经营,股权变更,3,36,监管公示
E‑S‑ACC123‑1,S‑ACC123,合规,行政处罚,1,11,内部巡检
E‑S‑ACC123‑2,S‑ACC123,安全,内网安全告警,2,15,工商公示
E‑S‑ACC123‑3,S‑ACC123,合规,监管问询,1,19,监管公示
E‑S‑ACC123‑99,S‑ACC123,人员,团队人员流失,4,26,监管公示
E‑S‑ACC124‑1,S‑ACC124,合规,监管问询,2,17,安全公告
E‑S‑ACC124‑2,S‑ACC124,安全,漏洞上报,2,21,安全公告
E‑S‑ACC124‑3,S‑ACC124,经营,经营亏损,1,25,ITSM记录
E‑S‑ACC124‑99,S‑ACC124,履约,批次交付延迟,4,32,工商公示
E‑S‑ACC125‑1,S‑ACC125,合规,合规巡检不通过,2,11,安全公告
E‑S‑ACC125‑2,S‑ACC125,履约,项目延期,1,15,ITSM记录
E‑S‑ACC125‑3,S‑ACC125,舆情,行业投诉曝光,2,19,安全公告
E‑S‑ACC125‑99,S‑ACC125,经营,股东变动,3,26,工商公示
E‑S‑ACC126‑1,S‑ACC126,舆情,行业投诉曝光,2,17,安全公告
E‑S‑ACC126‑2,S‑ACC126,合规,合规巡检不通过,2,21,人力台账
E‑S‑ACC126‑3,S‑ACC126,合规,行政处罚,2,25,内部巡检
E‑S‑ACC126‑99,S‑ACC126,安全,数据泄露,3,32,监管公示
E‑S‑ACC127‑1,S‑ACC127,经营,经营亏损,1,17,人力台账
E‑S‑ACC127‑2,S‑ACC127,履约,批次交付延迟,1,21,安全公告
E‑S‑ACC127‑3,S‑ACC127,舆情,行业投诉曝光,1,25,人力台账
E‑S‑ACC127‑99,S‑ACC127,人员,核心人员离职,3,32,ITSM记录
E‑S‑ACC128‑1,S‑ACC128,经营,股东变动,2,10,安全公告
E‑S‑ACC128‑2,S‑ACC128,合规,行政处罚,1,14,人力台账
E‑S‑ACC128‑3,S‑ACC128,人员,关键岗位变动,1,18,安全公告
E‑S‑ACC128‑99,S‑ACC128,安全,内网安全告警,4,25,工商公示
E‑S‑ACC129‑1,S‑ACC129,安全,数据泄露,2,16,ITSM记录
E‑S‑ACC129‑2,S‑ACC129,人员,团队人员流失,2,20,ITSM记录
E‑S‑ACC129‑3,S‑ACC129,安全,数据泄露,1,24,人力台账
E‑S‑ACC129‑99,S‑ACC129,舆情,行业投诉曝光,4,31,监管公示
E‑S‑ACC130‑1,S‑ACC130,履约,批次交付延迟,2,12,工商公示
E‑S‑ACC130‑2,S‑ACC130,人员,团队人员流失,1,16,工商公示
E‑S‑ACC130‑3,S‑ACC130,舆情,网络负面舆情,2,20,监管公示
E‑S‑ACC130‑99,S‑ACC130,舆情,行业投诉曝光,4,27,ITSM记录
E‑S‑ACC131‑1,S‑ACC131,合规,合规巡检不通过,2,22,ITSM记录
E‑S‑ACC131‑2,S‑ACC131,履约,交付质量不达标,1,26,内部巡检
E‑S‑ACC131‑3,S‑ACC131,舆情,网络负面舆情,1,30,内部巡检
E‑S‑ACC131‑99,S‑ACC131,履约,批次交付延迟,4,37,人力台账
E‑S‑ACC132‑1,S‑ACC132,合规,监管问询,2,8,人力台账
E‑S‑ACC132‑2,S‑ACC132,经营,业务收缩,1,12,工商公示
E‑S‑ACC132‑3,S‑ACC132,安全,数据泄露,1,16,内部巡检
E‑S‑ACC132‑99,S‑ACC132,舆情,网络负面舆情,3,23,ITSM记录
E‑S‑ACC133‑1,S‑ACC133,履约,批次交付延迟,2,22,ITSM记录
E‑S‑ACC133‑2,S‑ACC133,舆情,行业投诉曝光,1,26,内部巡检
E‑S‑ACC133‑3,S‑ACC133,安全,漏洞上报,2,30,工商公示
E‑S‑ACC133‑99,S‑ACC133,经营,业务收缩,3,37,安全公告
E‑S‑ACC134‑1,S‑ACC134,人员,关键岗位变动,2,13,人力台账
E‑S‑ACC134‑2,S‑ACC134,安全,权限违规,1,17,人力台账
E‑S‑ACC134‑3,S‑ACC134,安全,数据泄露,1,21,ITSM记录
E‑S‑ACC134‑99,S‑ACC134,合规,合规巡检不通过,4,28,监管公示
E‑S‑ACC135‑1,S‑ACC135,履约,交付质量不达标,1,18,监管公示
E‑S‑ACC135‑2,S‑ACC135,安全,权限违规,1,22,工商公示
E‑S‑ACC135‑3,S‑ACC135,经营,股东变动,2,26,工商公示
E‑S‑ACC135‑99,S‑ACC135,安全,数据泄露,3,33,工商公示
E‑S‑ACC136‑1,S‑ACC136,舆情,网络负面舆情,2,8,工商公示
E‑S‑ACC136‑2,S‑ACC136,人员,团队人员流失,2,12,人力台账
E‑S‑ACC136‑3,S‑ACC136,履约,运维故障,2,16,安全公告
E‑S‑ACC136‑99,S‑ACC136,人员,核心人员离职,3,23,监管公示
E‑S‑ACC137‑1,S‑ACC137,舆情,行业投诉曝光,1,14,ITSM记录
E‑S‑ACC137‑2,S‑ACC137,舆情,网络负面舆情,2,18,安全公告
E‑S‑ACC137‑3,S‑ACC137,舆情,行业投诉曝光,1,22,安全公告
E‑S‑ACC137‑99,S‑ACC137,履约,项目延期,3,29,安全公告
E‑S‑ACC138‑1,S‑ACC138,合规,行政处罚,1,21,人力台账
E‑S‑ACC138‑2,S‑ACC138,人员,关键岗位变动,2,25,内部巡检
E‑S‑ACC138‑3,S‑ACC138,合规,行政处罚,1,29,监管公示
E‑S‑ACC138‑99,S‑ACC138,人员,关键岗位变动,4,36,监管公示
E‑S‑ACC139‑1,S‑ACC139,安全,漏洞上报,2,18,工商公示
E‑S‑ACC139‑2,S‑ACC139,履约,交付质量不达标,1,22,内部巡检
E‑S‑ACC139‑3,S‑ACC139,经营,经营亏损,1,26,安全公告
E‑S‑ACC139‑99,S‑ACC139,履约,项目延期,4,33,内部巡检
E‑S‑ACC140‑1,S‑ACC140,舆情,行业投诉曝光,2,20,监管公示
E‑S‑ACC140‑2,S‑ACC140,经营,业务收缩,2,24,内部巡检
E‑S‑ACC140‑3,S‑ACC140,舆情,网络负面舆情,2,28,内部巡检
E‑S‑ACC140‑99,S‑ACC140,人员,关键岗位变动,4,35,安全公告
E‑S‑ACC141‑1,S‑ACC141,履约,项目延期,2,21,监管公示
E‑S‑ACC141‑2,S‑ACC141,舆情,行业投诉曝光,2,25,ITSM记录
E‑S‑ACC141‑3,S‑ACC141,人员,团队人员流失,2,29,ITSM记录
E‑S‑ACC141‑99,S‑ACC141,安全,权限违规,3,36,内部巡检
E‑S‑ACC142‑1,S‑ACC142,人员,核心人员离职,1,11,安全公告
E‑S‑ACC142‑2,S‑ACC142,履约,批次交付延迟,1,15,ITSM记录
E‑S‑ACC142‑3,S‑ACC142,舆情,网络负面舆情,2,19,监管公示
E‑S‑ACC142‑99,S‑ACC142,人员,关键岗位变动,3,26,内部巡检
E‑S‑ACC143‑1,S‑ACC143,舆情,行业投诉曝光,2,11,ITSM记录
E‑S‑ACC143‑2,S‑ACC143,安全,权限违规,1,15,监管公示
E‑S‑ACC143‑3,S‑ACC143,安全,数据泄露,1,19,安全公告
E‑S‑ACC143‑99,S‑ACC143,合规,合规巡检不通过,3,26,人力台账
E‑S‑ACC144‑1,S‑ACC144,安全,内网安全告警,2,8,人力台账
E‑S‑ACC144‑2,S‑ACC144,经营,业务收缩,1,12,工商公示
E‑S‑ACC144‑3,S‑ACC144,经营,股东变动,2,16,ITSM记录
E‑S‑ACC144‑99,S‑ACC144,人员,团队人员流失,3,23,监管公示
E‑S‑ACC145‑1,S‑ACC145,合规,监管问询,2,16,ITSM记录
E‑S‑ACC145‑2,S‑ACC145,安全,权限违规,2,20,人力台账
E‑S‑ACC145‑3,S‑ACC145,履约,批次交付延迟,2,24,内部巡检
E‑S‑ACC145‑99,S‑ACC145,合规,合规巡检不通过,3,31,内部巡检
E‑S‑ACC146‑1,S‑ACC146,履约,交付质量不达标,1,21,监管公示
E‑S‑ACC146‑2,S‑ACC146,人员,团队人员流失,2,25,内部巡检
E‑S‑ACC146‑3,S‑ACC146,人员,核心人员离职,1,29,人力台账
E‑S‑ACC146‑99,S‑ACC146,经营,股东变动,3,36,监管公示
E‑S‑ACC147‑1,S‑ACC147,经营,经营亏损,2,14,工商公示
E‑S‑ACC147‑2,S‑ACC147,安全,内网安全告警,2,18,内部巡检
E‑S‑ACC147‑3,S‑ACC147,舆情,行业投诉曝光,2,22,ITSM记录
E‑S‑ACC147‑99,S‑ACC147,安全,数据泄露,4,29,内部巡检
E‑S‑ACC148‑1,S‑ACC148,安全,内网安全告警,2,8,ITSM记录
E‑S‑ACC148‑2,S‑ACC148,人员,团队人员流失,1,12,监管公示
E‑S‑ACC148‑3,S‑ACC148,合规,监管问询,2,16,安全公告
E‑S‑ACC148‑99,S‑ACC148,舆情,行业投诉曝光,4,23,监管公示
E‑S‑ACC149‑1,S‑ACC149,人员,关键岗位变动,2,15,ITSM记录
E‑S‑ACC149‑2,S‑ACC149,人员,关键岗位变动,2,19,ITSM记录
E‑S‑ACC149‑3,S‑ACC149,合规,合规巡检不通过,1,23,安全公告
E‑S‑ACC149‑99,S‑ACC149,履约,项目延期,3,30,内部巡检
E‑S‑ACC150‑1,S‑ACC150,舆情,网络负面舆情,1,9,ITSM记录
E‑S‑ACC150‑2,S‑ACC150,合规,行政处罚,2,13,内部巡检
E‑S‑ACC150‑3,S‑ACC150,合规,合规巡检不通过,2,17,人力台账
E‑S‑ACC150‑99,S‑ACC150,经营,股权变更,3,24,安全公告
E‑S‑ACC151‑1,S‑ACC151,舆情,行业投诉曝光,2,16,内部巡检
E‑S‑ACC151‑2,S‑ACC151,合规,合规巡检不通过,2,20,ITSM记录
E‑S‑ACC151‑3,S‑ACC151,履约,项目延期,1,24,ITSM记录
E‑S‑ACC151‑99,S‑ACC151,人员,关键岗位变动,4,31,工商公示
E‑S‑ACC152‑1,S‑ACC152,经营,业务收缩,1,13,人力台账
E‑S‑ACC152‑2,S‑ACC152,人员,团队人员流失,1,17,人力台账
E‑S‑ACC152‑3,S‑ACC152,舆情,网络负面舆情,1,21,监管公示
E‑S‑ACC152‑99,S‑ACC152,经营,业务收缩,4,28,内部巡检
E‑S‑ACC153‑1,S‑ACC153,经营,业务收缩,2,9,安全公告
E‑S‑ACC153‑2,S‑ACC153,履约,项目延期,1,13,ITSM记录
E‑S‑ACC153‑3,S‑ACC153,舆情,行业投诉曝光,2,17,内部巡检
E‑S‑ACC153‑99,S‑ACC153,履约,运维故障,3,24,ITSM记录
E‑S‑ACC154‑1,S‑ACC154,人员,关键岗位变动,2,17,内部巡检
E‑S‑ACC154‑2,S‑ACC154,安全,权限违规,1,21,安全公告
E‑S‑ACC154‑3,S‑ACC154,经营,经营亏损,2,25,人力台账
E‑S‑ACC154‑99,S‑ACC154,人员,关键岗位变动,3,32,安全公告
E‑S‑ACC155‑1,S‑ACC155,经营,股东变动,1,9,工商公示
E‑S‑ACC155‑2,S‑ACC155,合规,合规巡检不通过,2,13,工商公示
E‑S‑ACC155‑3,S‑ACC155,履约,运维故障,2,17,监管公示
E‑S‑ACC155‑99,S‑ACC155,人员,团队人员流失,4,24,监管公示
E‑S‑ACC156‑1,S‑ACC156,合规,行政处罚,1,9,人力台账
E‑S‑ACC156‑2,S‑ACC156,履约,项目延期,2,13,ITSM记录
E‑S‑ACC156‑3,S‑ACC156,经营,股东变动,2,17,工商公示
E‑S‑ACC156‑99,S‑ACC156,安全,漏洞上报,3,24,内部巡检
E‑S‑ACC157‑1,S‑ACC157,人员,核心人员离职,1,9,监管公示
E‑S‑ACC157‑2,S‑ACC157,经营,业务收缩,1,13,内部巡检
E‑S‑ACC157‑3,S‑ACC157,履约,运维故障,1,17,安全公告
E‑S‑ACC157‑99,S‑ACC157,合规,行政处罚,4,24,内部巡检
E‑S‑ACC158‑1,S‑ACC158,合规,监管问询,1,19,人力台账
E‑S‑ACC158‑2,S‑ACC158,经营,股东变动,1,23,工商公示
E‑S‑ACC158‑3,S‑ACC158,安全,数据泄露,2,27,ITSM记录
E‑S‑ACC158‑99,S‑ACC158,履约,交付质量不达标,4,34,工商公示
E‑S‑ACC159‑1,S‑ACC159,安全,权限违规,2,13,安全公告
E‑S‑ACC159‑2,S‑ACC159,合规,监管问询,2,17,内部巡检
E‑S‑ACC159‑3,S‑ACC159,人员,团队人员流失,1,21,监管公示
E‑S‑ACC159‑99,S‑ACC159,安全,内网安全告警,4,28,监管公示
E‑S‑ACC160‑1,S‑ACC160,安全,权限违规,2,12,工商公示
E‑S‑ACC160‑2,S‑ACC160,人员,团队人员流失,2,16,工商公示
E‑S‑ACC160‑3,S‑ACC160,舆情,行业投诉曝光,1,20,工商公示
E‑S‑ACC160‑99,S‑ACC160,经营,经营亏损,4,27,工商公示
E‑S‑SUD161‑B,S‑SUD161,安全,重大数据泄露,4,42,安全公告
E‑S‑SUD162‑B,S‑SUD162,安全,重大数据泄露,4,39,安全公告
E‑S‑SUD163‑B,S‑SUD163,安全,重大数据泄露,5,38,安全公告
E‑S‑SUD164‑B,S‑SUD164,安全,重大数据泄露,4,33,安全公告
E‑S‑SUD165‑B,S‑SUD165,安全,重大数据泄露,5,27,安全公告
E‑S‑SUD166‑B,S‑SUD166,安全,重大数据泄露,5,42,安全公告
E‑S‑SUD167‑B,S‑SUD167,安全,重大数据泄露,4,42,安全公告
E‑S‑SUD168‑B,S‑SUD168,安全,重大数据泄露,4,30,安全公告
E‑S‑SUD169‑B,S‑SUD169,安全,重大数据泄露,5,35,安全公告
E‑S‑SUD170‑B,S‑SUD170,安全,重大数据泄露,4,32,安全公告
E‑S‑SUD171‑B,S‑SUD171,安全,重大数据泄露,4,41,安全公告
E‑S‑SUD172‑B,S‑SUD172,安全,重大数据泄露,5,28,安全公告
E‑S‑SUD173‑B,S‑SUD173,安全,重大数据泄露,4,28,安全公告
E‑S‑SUD174‑B,S‑SUD174,安全,重大数据泄露,5,31,安全公告
E‑S‑SUD175‑B,S‑SUD175,安全,重大数据泄露,5,39,安全公告
E‑S‑SUD176‑B,S‑SUD176,安全,重大数据泄露,5,25,安全公告
E‑S‑SUD177‑B,S‑SUD177,安全,重大数据泄露,4,32,安全公告
E‑S‑SUD178‑B,S‑SUD178,安全,重大数据泄露,4,39,安全公告
E‑S‑SUD179‑B,S‑SUD179,安全,重大数据泄露,5,38,安全公告
E‑S‑SUD180‑B,S‑SUD180,安全,重大数据泄露,5,39,安全公告
E‑S‑REC181‑1,S‑REC181,履约,项目延期,2,13,ITSM记录
E‑S‑REC181‑2,S‑REC181,人员,核心人员离职,3,19,人力台账
E‑S‑REC182‑1,S‑REC182,履约,项目延期,2,19,ITSM记录
E‑S‑REC182‑2,S‑REC182,人员,核心人员离职,3,25,人力台账
E‑S‑REC183‑1,S‑REC183,履约,项目延期,2,15,ITSM记录
E‑S‑REC183‑2,S‑REC183,人员,核心人员离职,3,21,人力台账
E‑S‑REC184‑1,S‑REC184,履约,项目延期,2,14,ITSM记录
E‑S‑REC184‑2,S‑REC184,人员,核心人员离职,3,20,人力台账
E‑S‑REC185‑1,S‑REC185,履约,项目延期,2,19,ITSM记录
E‑S‑REC185‑2,S‑REC185,人员,核心人员离职,3,25,人力台账
E‑S‑REC186‑1,S‑REC186,履约,项目延期,2,15,ITSM记录
E‑S‑REC186‑2,S‑REC186,人员,核心人员离职,3,21,人力台账
E‑S‑REC187‑1,S‑REC187,履约,项目延期,2,20,ITSM记录
E‑S‑REC187‑2,S‑REC187,人员,核心人员离职,3,26,人力台账
E‑S‑REC188‑1,S‑REC188,履约,项目延期,2,20,ITSM记录
E‑S‑REC188‑2,S‑REC188,人员,核心人员离职,3,26,人力台账
E‑S‑REC189‑1,S‑REC189,履约,项目延期,2,14,ITSM记录
E‑S‑REC189‑2,S‑REC189,人员,核心人员离职,3,20,人力台账
E‑S‑REC190‑1,S‑REC190,履约,项目延期,2,18,ITSM记录
E‑S‑REC190‑2,S‑REC190,人员,核心人员离职,3,24,人力台账
E‑S‑REC191‑1,S‑REC191,履约,项目延期,2,19,ITSM记录
E‑S‑REC191‑2,S‑REC191,人员,核心人员离职,3,25,人力台账
E‑S‑REC192‑1,S‑REC192,履约,项目延期,2,20,ITSM记录
E‑S‑REC192‑2,S‑REC192,人员,核心人员离职,3,26,人力台账
E‑S‑REC193‑1,S‑REC193,履约,项目延期,2,18,ITSM记录
E‑S‑REC193‑2,S‑REC193,人员,核心人员离职,3,24,人力台账
E‑S‑REC194‑1,S‑REC194,履约,项目延期,2,12,ITSM记录
E‑S‑REC194‑2,S‑REC194,人员,核心人员离职,3,18,人力台账
E‑S‑REC195‑1,S‑REC195,履约,项目延期,2,15,ITSM记录
E‑S‑REC195‑2,S‑REC195,人员,核心人员离职,3,21,人力台账
E‑S‑REC196‑1,S‑REC196,履约,项目延期,2,16,ITSM记录
E‑S‑REC196‑2,S‑REC196,人员,核心人员离职,3,22,人力台账
E‑S‑REC197‑1,S‑REC197,履约,项目延期,2,16,ITSM记录
E‑S‑REC197‑2,S‑REC197,人员,核心人员离职,3,22,人力台账
E‑S‑REC198‑1,S‑REC198,履约,项目延期,2,17,ITSM记录
E‑S‑REC198‑2,S‑REC198,人员,核心人员离职,3,23,人力台账
E‑S‑REC199‑1,S‑REC199,履约,项目延期,2,13,ITSM记录
E‑S‑REC199‑2,S‑REC199,人员,核心人员离职,3,19,人力台账
E‑S‑REC200‑1,S‑REC200,履约,项目延期,2,18,ITSM记录
E‑S‑REC200‑2,S‑REC200,人员,核心人员离职,3,24,人力台账
NEV‑SX001,S‑NOR079,失信,失信被执行,5,9,司法公示
NEV‑SX002,S‑ACC160,失信,失信被执行,3,30,司法公示
NEV‑SX003,S‑REC187,失信,失信被执行,3,37,司法公示
NEV‑SX004,S‑REC197,失信,失信被执行,3,19,司法公示
NEV‑SX005,S‑NOR071,失信,失信被执行,5,8,司法公示
NEV‑SX006,S‑NOR013,失信,失信被执行,5,6,司法公示
NEV‑SX007,S‑NOR056,失信,失信被执行,5,25,司法公示
NEV‑SX008,S‑NOR062,失信,失信被执行,3,49,司法公示
NEV‑SX009,S‑NOR092,失信,经营异常名录,3,34,工商公示
NEV‑SX010,S‑NOR069,失信,经营异常名录,4,21,工商公示
NEV‑SX011,S‑NOR039,失信,经营异常名录,2,27,工商公示
NEV‑SX012,S‑ACC118,失信,经营异常名录,2,41,工商公示
NEV‑SX013,S‑NOR006,失信,经营异常名录,4,23,工商公示
NEV‑SX014,S‑NOR078,失信,经营异常名录,2,22,工商公示
NEV‑SX015,S‑NOR014,失信,严重违法失信,4,46,司法公示
NEV‑SX016,S‑NOR033,失信,严重违法失信,4,2,司法公示
NEV‑SX017,S‑NOR049,失信,严重违法失信,4,31,司法公示
NEV‑DJ001,S‑NOR012,司法,诉讼案件,2,7,司法公示
NEV‑DJ002,S‑NOR019,司法,诉讼案件,4,17,司法公示
NEV‑DJ003,S‑NOR067,司法,诉讼案件,2,4,司法公示
NEV‑DJ004,S‑SUD173,司法,诉讼案件,3,3,司法公示
NEV‑DJ005,S‑REC183,司法,诉讼案件,3,43,司法公示
NEV‑DJ006,S‑ACC133,司法,诉讼案件,4,18,司法公示
NEV‑DJ007,S‑NOR025,司法,诉讼案件,4,13,司法公示
NEV‑DJ008,S‑SUD163,司法,诉讼案件,3,12,司法公示
NEV‑DJ009,S‑ACC147,司法,法院公告,2,38,司法公示
NEV‑DJ010,S‑SUD172,司法,法院公告,4,32,司法公示
NEV‑DJ011,S‑NOR088,司法,法院公告,4,42,司法公示
NEV‑DJ012,S‑NOR096,司法,法院公告,4,44,司法公示
NEV‑DJ013,S‑NOR052,司法,法院公告,3,40,司法公示
NEV‑IP001,S‑NOR057,知识产权,专利侵权,3,11,司法公示
NEV‑IP002,S‑ACC149,知识产权,专利侵权,2,5,司法公示
NEV‑IP003,S‑NOR094,知识产权,专利侵权,2,33,司法公示
NEV‑IP004,S‑ACC157,知识产权,专利侵权,4,14,司法公示
NEV‑IP005,S‑ACC140,知识产权,专利侵权,4,24,司法公示
NEV‑IP006,S‑REC198,知识产权,专利侵权,2,15,司法公示
NEV‑IP007,S‑SUD171,知识产权,商标权属纠纷,3,36,司法公示
NEV‑IP008,S‑ACC148,知识产权,商标权属纠纷,3,16,司法公示
NEV‑IP009,S‑NOR104,知识产权,商标权属纠纷,2,29,司法公示
NEV‑IP010,S‑NOR086,知识产权,商标权属纠纷,2,35,司法公示
NEV‑IP011,S‑ACC134,知识产权,商标权属纠纷,3,45,司法公示
NEV‑IP012,S‑NOR110,知识产权,软件著作权纠纷,3,10,司法公示
NEV‑IP013,S‑ACC127,知识产权,软件著作权纠纷,2,20,司法公示
NEV‑IP014,S‑NOR022,知识产权,软件著作权纠纷,3,47,司法公示
NEV‑IP015,S‑NOR063,知识产权,软件著作权纠纷,2,39,司法公示
NEV‑IP016,S‑SUD177,知识产权,软件著作权纠纷,2,48,司法公示
NEV‑IP017,S‑REC192,知识产权,知识产权许可纠纷,2,26,工商公示
NEV‑IP018,S‑REC196,知识产权,知识产权许可纠纷,2,28,工商公示
NEV‑IP019,S‑NOR074,知识产权,知识产权许可纠纷,1,50,工商公示
NEV‑IP020,S‑NOR040,知识产权,知识产权许可纠纷,3,9,工商公示
